{
  "license": "GPL-3.0",
  "support": "https://github.com/Magisk-Modules-Alt-Repo/mkshrc/issues",
  "donate": "https://github.com/sponsors/DerGoogler",
  "cover": "https://miro.medium.com/v2/resize:fit:1200/format:png/1*R6CVgKDLTenXSGUxgt0t7Q.png",
  "screenshots": [
    "https://cdn.dergoogler.com/images/mkshrc-screen1.png",
    "https://cdn.dergoogler.com/images/mkshrc-screen2.png",
    "https://cdn.dergoogler.com/images/mkshrc-screen3.png"
  ],
  "categories": [
    "Coding",
    "Configurable",
    "Tools"
  ],
  "readme": "https://raw.githubusercontent.com/Magisk-Modules-Alt-Repo/mkshrc/master/README.md"
}
